,ACRU,LIST,OTHER,PIEL,PIPA,PITA,QUGE,QULA,QUNI
band_1,0.01202720588235294,0.010551785714285717,0.01021549815498155,0.012035545023696683,0.015676498018186047,0.010277429467084633,0.01357331606217617,0.016332798165137618,0.011357446808510635
band_2,0.01382720588235294,0.011786607142857142,0.013302952029520304,0.014740758293838864,0.018395033807414363,0.012547021943573669,0.01582875647668393,0.018776376146788995,0.013507659574468084
band_3,0.018010294117647065,0.015444642857142853,0.018080442804428047,0.019458767772511855,0.02350522266262534,0.01718965517241381,0.021470207253886032,0.023902866972477083,0.01792936170212765
band_4,0.014591176470588238,0.013301785714285714,0.016055719557195567,0.01655734597156399,0.020838144089531347,0.014685579937304087,0.018838860103626964,0.021005045871559602,0.015373617021276592
band_5,0.00784485294117647,0.006551785714285711,0.009480442804428049,0.009589573459715645,0.013805502448123105,0.008074608150470218,0.011950518134715019,0.014027408256880727,0.00884893617021277
band_6,0.008573529411764704,0.007072321428571426,0.010462361623616242,0.010474881516587676,0.014723711820937235,0.00893730407523511,0.012981606217616579,0.014954701834862394,0.009496595744680857
band_7,0.009055147058823529,0.007424107142857144,0.011027675276752772,0.01132085308056872,0.015538190720447653,0.009596238244514107,0.013688860103626932,0.01572155963302752,0.009986382978723413
band_8,0.010183823529411768,0.00855803571428571,0.012368634686346865,0.012706635071090048,0.017093798088132495,0.010954545454545456,0.01504300518134714,0.01705768348623854,0.010991914893617019
band_9,0.011488970588235297,0.009740178571428573,0.014016605166051658,0.014787677725118483,0.01923394730706458,0.012582131661441998,0.016653367875647675,0.018751032110091746,0.012185531914893617
band_10,0.013949999999999997,0.011958928571428573,0.016536162361623613,0.017664454976303312,0.022523501981813913,0.015153918495297807,0.019358031088082928,0.021573165137614696,0.014440000000000008
band_11,0.01343014705882353,0.011633928571428568,0.01629741697416974,0.017942654028436013,0.022836162275588708,0.015225391849529774,0.019151554404145097,0.021482683486238528,0.014143404255319151
band_12,0.013182352941176477,0.011310714285714282,0.016288191881918827,0.018391943127962093,0.023318256003730452,0.015335423197492164,0.019244041450777214,0.02157557339449541,0.014043404255319152
band_13,0.014638235294117646,0.012910714285714284,0.018155350553505534,0.020780094786729864,0.02591979482396824,0.017165203761755492,0.0211220207253886,0.02371272935779815,0.015605106382978727
band_14,0.013893382352941176,0.012305357142857137,0.017748708487084874,0.020388625592417057,0.025702098391233396,0.016757680250783714,0.020526424870466308,0.0233145642201835,0.015011489361702131
band_15,0.013270588235294119,0.011692857142857145,0.01710036900369004,0.01987914691943128,0.0252652832828164,0.016188401253918492,0.01975725388601035,0.022615022935779827,0.01432851063829787
band_16,0.013883823529411763,0.012204464285714284,0.017713284132841345,0.02067203791469193,0.026203450687805958,0.016856739811912207,0.02054637305699479,0.02339598623853207,0.014820000000000007
band_17,0.014891911764705883,0.013222321428571422,0.019045018450184505,0.022327488151658758,0.02800366052692934,0.01823416927899687,0.02198134715025907,0.025017545871559597,0.01591744680851063
band_18,0.014076470588235294,0.012240178571428574,0.018065313653136527,0.02147251184834123,0.027013103287479575,0.017371159874608143,0.021018652849740936,0.024070527522935776,0.015032340425531924
band_19,0.014007352941176476,0.012166071428571429,0.01800627306273065,0.021432701421800954,0.02719323851713686,0.017378996865203767,0.02105544041450777,0.024131077981651365,0.014846382978723415
band_20,0.014519117647058821,0.01260089285714285,0.0187309963099631,0.02229857819905212,0.028183865702961015,0.018142319749216297,0.02188160621761658,0.025030045871559655,0.015443404255319152
band_21,0.014642647058823526,0.01257321428571428,0.018801476014760156,0.022503317535545023,0.0283894847283749,0.018226332288401245,0.021928497409326418,0.025192545871559658,0.015481702127659577
band_22,0.014709558823529412,0.012696428571428563,0.018726568265682645,0.022426540284360193,0.028450547913266504,0.01824796238244514,0.02195958549222797,0.025296903669724775,0.015447234042553194
band_23,0.014653676470588232,0.012697321428571422,0.018831734317343155,0.022690047393364922,0.028597435299603593,0.018255172413793097,0.022134715025906717,0.025468233944954097,0.015362127659574482
band_24,0.014997794117647057,0.013120535714285711,0.019250553505535062,0.022986255924170623,0.029147796689204933,0.018615673981191218,0.022562694300518143,0.025949885321100902,0.01563914893617021
band_25,0.015879411764705892,0.014304464285714285,0.02031549815498155,0.024144549763033166,0.030432968057822266,0.019537931034482748,0.023825129533678754,0.02706376146788991,0.016310212765957444
band_26,0.01787573529411765,0.01670714285714287,0.022695202952029522,0.02687203791469195,0.03334684075542084,0.021491849529780564,0.026475129533678747,0.029559059633027525,0.018242978723404253
band_27,0.022030147058823533,0.021423214285714275,0.02737970479704796,0.03194360189573459,0.03887673117276753,0.025498119122257055,0.03175854922279794,0.034419151376146706,0.02208340425531914
band_28,0.025861764705882345,0.026335714285714285,0.03194944649446497,0.03673270142180094,0.04370713453019368,0.02868840125391853,0.03701347150259066,0.03872901376146797,0.0258459574468085
band_29,0.029299264705882348,0.031141071428571445,0.03630332103321035,0.04112274881516587,0.04793254837957546,0.031282131661442,0.041955958549222815,0.042597018348623776,0.029699148936170205
band_30,0.03491249999999997,0.03782946428571428,0.04292988929889301,0.047563981042654045,0.05478922825833526,0.03583228840125394,0.049352072538860106,0.04899988532110093,0.03551148936170213
band_31,0.0385875,0.042772321428571417,0.04780147601476011,0.05191516587677725,0.059572441128468136,0.03876238244514107,0.054828238341968975,0.05362293577981646,0.03986127659574466
band_32,0.04144485294117648,0.04600803571428573,0.051095571955719524,0.055251658767772535,0.06300932618325952,0.04082758620689654,0.05879119170984456,0.05698658256880738,0.04287829787234045
band_33,0.04352132352941176,0.04839285714285716,0.053684870848708495,0.057726540284360216,0.06582268594077875,0.042762695924764914,0.061924870466321225,0.059732110091743215,0.045210638297872356
band_34,0.043995588235294134,0.048983928571428546,0.05437970479704794,0.05831658767772512,0.06655266961995798,0.04307993730407524,0.0629878238341969,0.060460550458715574,0.04596893617021278
band_35,0.04534558823529412,0.050236607142857145,0.05591697416974169,0.059889099526066324,0.06831144788995092,0.044192163009404394,0.06481761658031088,0.062201376146788875,0.047451489361702154
band_36,0.047242647058823514,0.05172321428571424,0.05787306273062732,0.062445497630331796,0.07124017253439023,0.04636144200626956,0.0673072538860104,0.06482178899082561,0.0489846808510638
band_37,0.04479632352941174,0.04829285714285716,0.05474464944649451,0.05967725118483411,0.06847691769643259,0.044453291536050155,0.06417979274611399,0.062152064220183566,0.04600510638297875
band_38,0.0420654411764706,0.04437321428571429,0.051233948339483394,0.05672180094786727,0.06563471671718352,0.04250313479623825,0.060739119170984436,0.059252064220183455,0.0427217021276596
band_39,0.04003749999999998,0.041177678571428566,0.048423616236162335,0.05428530805687207,0.06367537887619468,0.041290282131661415,0.05791632124352332,0.057256536697247645,0.03998212765957447
band_40,0.0389014705882353,0.03898214285714285,0.0467239852398524,0.053218483412322305,0.06274917230123579,0.04095611285266458,0.056289637305699525,0.05614139908256867,0.03825531914893616
band_41,0.037166176470588216,0.03651071428571429,0.04452619926199261,0.05131374407582936,0.06087274422942412,0.03971912225705332,0.05378963730569947,0.05431055045871554,0.03618680851063832
band_42,0.036047058823529425,0.034507142857142854,0.042733210332103304,0.04967488151658768,0.059365236651900286,0.03889216300940439,0.05184326424870466,0.05301032110091743,0.0345740425531915
band_43,0.03561838235294119,0.03347589285714286,0.042078228782287834,0.04917345971563981,0.05909093028678021,0.03869153605015675,0.05128212435233163,0.05276433486238532,0.033936170212765966
band_44,0.034733088235294106,0.03230982142857144,0.0411830258302583,0.048400947867298594,0.058029937048262974,0.03803322884012537,0.05018108808290162,0.05171422018348624,0.03297829787234044
band_45,0.03480588235294118,0.03189732142857142,0.041043911439114386,0.048231279620853065,0.05813154581487529,0.03824106583072096,0.04986943005181345,0.05175172018348636,0.032804680851063805
band_46,0.03406617647058826,0.030723214285714288,0.039994833948339484,0.04733364928909952,0.05721380275122402,0.037787460815047025,0.04873108808290154,0.05103795871559628,0.031854042553191506
band_47,0.03349191176470587,0.029517857142857134,0.03906605166051662,0.046304739336492894,0.05634649102354861,0.037471159874608126,0.047619430051813454,0.050352752293577954,0.030896595744680858
band_48,0.03294632352941175,0.028475000000000004,0.03841217712177121,0.04556824644549762,0.0559154581487527,0.03738683385579937,0.04683549222797925,0.04994415137614676,0.03020765957446807
band_49,0.03145073529411763,0.026827678571428572,0.0367088560885609,0.04388341232227487,0.05387945908137086,0.03612288401253918,0.044963471502590606,0.048266284403669764,0.02886808510638298
band_50,0.03131691176470588,0.026544642857142853,0.03655756457564577,0.043676777251184844,0.05376131965493115,0.03604890282131661,0.04479585492227979,0.04821880733944951,0.02874936170212767
band_51,0.03131838235294118,0.026396428571428567,0.0367254612546126,0.043990521327014226,0.05417899277220799,0.0364576802507837,0.044967357512953395,0.04853222477064221,0.02874680851063832
band_52,0.030616176470588237,0.025381249999999998,0.03624870848708489,0.043630331753554484,0.05409550011657736,0.0364974921630094,0.044220984455958526,0.04826387614678904,0.028245531914893613
band_53,0.029297794117647036,0.023919642857142855,0.03512988929889297,0.0428478672985782,0.05321296339473073,0.03589561128526646,0.042780569948186534,0.047507454128440346,0.027413617021276582
band_54,0.027958823529411782,0.022407142857142858,0.03392214022140219,0.04174075829383887,0.05192786197248777,0.03516927899686522,0.04120207253886012,0.04655183486238541,0.02642127659574469
band_55,0.02700073529411764,0.021310714285714287,0.032763837638376384,0.040214691943127955,0.05034122173000701,0.03419937304075235,0.039825906735751294,0.04534380733944956,0.02548723404255321
band_56,0.02678308823529411,0.020711607142857143,0.0322819188191882,0.0394345971563981,0.04950125903474004,0.03399028213166142,0.03924352331606218,0.044975229357798206,0.025243404255319145
band_57,0.02500735294117647,0.01903125,0.030498892988929875,0.03680236966824643,0.04684248076474715,0.03225673981191222,0.03702512953367874,0.042735665137614676,0.023696170212765953
band_58,0.024770588235294117,0.018884821428571424,0.0303258302583026,0.036306635071090075,0.04611613429703896,0.03191786833855798,0.03667176165803109,0.042131766055045886,0.02371702127659574
band_59,0.02505514705882353,0.01914642857142857,0.030709594095940946,0.03661421800947868,0.04638186057356024,0.03224608150470223,0.0370321243523316,0.04241926605504588,0.024117872340425544
band_60,0.02503602941176472,0.019167857142857143,0.030732472324723228,0.036503317535545,0.04616721846584281,0.032201567398119114,0.03698575129533679,0.0422548165137615,0.024230638297872344
band_61,0.025742647058823533,0.019808035714285716,0.0317520295202952,0.037355450236966826,0.04712956400093254,0.03304137931034483,0.038017616580310915,0.0431788990825688,0.02520127659574465
band_62,0.03227205882352942,0.026457142857142856,0.038368634686346846,0.04458341232227489,0.05509626952669622,0.03867805642633227,0.04565259067357514,0.05029105504587154,0.030749787234042546
band_63,0.04250514705882352,0.03710714285714286,0.04922619926199261,0.05568672985781992,0.06751890883655876,0.04699404388714735,0.05930310880829021,0.061215252293577986,0.03956978723404255
band_64,0.059539705882352946,0.05504553571428573,0.067060147601476,0.07193507109004742,0.08488353928654704,0.05860407523510976,0.08092564766839379,0.0779076834862386,0.05569617021276597
band_65,0.0818955882352941,0.07947142857142854,0.09130959409594099,0.09226066350710901,0.10576276521333623,0.07325642633228842,0.10819766839378242,0.09944999999999991,0.07854553191489355
band_66,0.10588897058823528,0.10660089285714283,0.11856199261992617,0.11484075829383884,0.12769128001865263,0.08915579937304077,0.13643626943005185,0.12258348623853206,0.10523489361702124
band_67,0.1285970588235294,0.13368214285714292,0.1452498154981549,0.13645497630331757,0.14766374446257816,0.10451347962382451,0.16171036269430056,0.14465355504587163,0.13234255319148944
band_68,0.15209044117647055,0.16213839285714285,0.172008118081181,0.15783601895734595,0.1664088132431802,0.12044420062695928,0.18523911917098446,0.1674092889908256,0.16101744680851063
band_69,0.18353235294117642,0.20176517857142864,0.21073800738007384,0.18835023696682465,0.1927971088831893,0.14208652037617545,0.21859170984455967,0.19878509174311904,0.2009208510638298
band_70,0.2143720588235294,0.2418285714285713,0.24834428044280452,0.2168824644549763,0.21594045231988848,0.16199184952978066,0.24805310880829012,0.22832201834862362,0.24101702127659574
band_71,0.24526397058823535,0.2845973214285713,0.2885612546125463,0.2461047393364929,0.23775898810911672,0.18124420062695926,0.27734507772020733,0.25678876146789004,0.28345489361702114
band_72,0.26725514705882353,0.31510357142857137,0.31617933579335805,0.26458151658767776,0.2500841688039172,0.19362570532915357,0.29476839378238345,0.2747782110091741,0.3140944680851064
band_73,0.28854117647058825,0.34404732142857153,0.34203431734317347,0.28284644549763027,0.26217820004663084,0.20591128526645772,0.31136968911917084,0.2919850917431193,0.343172765957447
band_74,0.30447426470588246,0.3653071428571431,0.3604944649446495,0.2955829383886255,0.2704950804383299,0.21464576802507832,0.3229178756476681,0.3042649082568809,0.3646765957446806
band_75,0.31428750000000016,0.37839285714285714,0.37238560885608846,0.3030900473933647,0.2750449288878531,0.22011442006269596,0.33002046632124354,0.31165814220183496,0.3782382978723403
band_76,0.30224852941176483,0.3632517857142858,0.35586974169741675,0.2896763033175355,0.26133441361622767,0.21104106583072094,0.31350544041450773,0.29653944954128436,0.3638702127659576
band_77,0.34545441176470565,0.41559999999999986,0.404222509225092,0.3275421800947868,0.29447952902774466,0.23914858934169278,0.35582383419689106,0.33594506880733965,0.41493659574468084
band_78,0.34520514705882366,0.4174571428571426,0.4089081180811809,0.3295625592417063,0.2964840988575424,0.24005705329153612,0.35914222797927475,0.33906227064220185,0.41737276595744655
band_79,0.3400198529411766,0.4104892857142855,0.4027553505535055,0.3248265402843603,0.2918134530193517,0.23714827586206916,0.3529989637305701,0.33366754587156017,0.41131148936170203
band_80,0.3430573529411766,0.4141973214285714,0.4064040590405902,0.327758767772512,0.2941562835159707,0.2396902821316614,0.35602823834196895,0.3365029816513757,0.41519276595744703
band_81,0.3458000000000001,0.41673303571428555,0.40948597785977875,0.3298303317535544,0.29623975285614296,0.24199561128526628,0.35880025906735746,0.33903555045871586,0.4180157446808509
band_82,0.3464088235294117,0.41647589285714287,0.4087494464944647,0.329875355450237,0.29651354628118404,0.24265235109717884,0.35910621761658,0.33970756880734004,0.41791191489361734
band_83,0.34790294117647064,0.41706249999999984,0.4101645756457565,0.33104170616113754,0.2973947073909997,0.24393072100313504,0.3606834196891192,0.3409045871559639,0.41893957446808505
band_84,0.34919044117647063,0.41850446428571436,0.41195092250922527,0.33227156398104274,0.2986561669386811,0.2454090909090909,0.3623852331606217,0.3424675458715595,0.4205970212765958
band_85,0.3512845588235294,0.4206571428571429,0.41464649446494495,0.33392606635071104,0.30036320820704193,0.24700940438871485,0.36498911917098437,0.3445569954128441,0.422783404255319
band_86,0.34959117647058846,0.41829464285714285,0.4127121771217713,0.33288199052132694,0.29924091862905045,0.24681692789968648,0.36331398963730566,0.3432605504587155,0.42083957446808495
band_87,0.3423544117647059,0.4050330357142856,0.39897269372693733,0.3240952606635073,0.29223700163208227,0.24230532915360498,0.3536189119170983,0.3357576834862386,0.4080059574468081
band_88,0.35212647058823526,0.4153455357142857,0.4085966789667895,0.33235355450236964,0.3002529260899981,0.24979592476488996,0.36389274611398975,0.3452661697247709,0.4182293617021277
band_89,0.3563860294117648,0.420649107142857,0.41544981549815485,0.33680995260663493,0.3042124970855673,0.25274764890282136,0.36952098445595877,0.3499832568807343,0.4246574468085107
band_90,0.35632867647058825,0.42071071428571427,0.4166107011070113,0.33731611374407594,0.3043032641641405,0.25311849529780583,0.37034974093264245,0.35002958715596344,0.42519957446808543
band_91,0.35999264705882356,0.4261500000000002,0.4237022140221401,0.34160379146919434,0.30797377010958277,0.2560949843260189,0.37549766839378235,0.3542102064220183,0.43150723404255314
band_92,0.36433235294117655,0.43251874999999995,0.4313479704797049,0.34665213270142164,0.312087596176265,0.2595040752351097,0.3813658031088083,0.3587638761467891,0.43835999999999997
band_93,0.3666573529411764,0.4357250000000001,0.4348365313653136,0.34905687203791474,0.3140031009559335,0.26137084639498426,0.38383393782383435,0.36075424311926596,0.44159276595744684
band_94,0.37148308823529386,0.4405294642857142,0.44071365313653166,0.3535995260663509,0.317943646537655,0.26515579937304085,0.3888362694300517,0.36516525229357844,0.4475110638297874
band_95,0.37825073529411796,0.44915089285714294,0.4492188191881918,0.36031137440758293,0.3238612263930984,0.27050626959247637,0.39671165803108804,0.37217339449541287,0.4563123404255317
band_96,0.3754639705882352,0.4454107142857143,0.4464435424354248,0.35779573459715647,0.3218395663324793,0.26880188087774315,0.39449015544041466,0.3697058486238533,0.4529868085106384
band_97,0.37819264705882366,0.4483285714285716,0.45039594095940966,0.3607161137440759,0.32449736535322876,0.2712761755485893,0.397931347150259,0.3726823394495408,0.4566314893617023
band_98,0.38505882352941195,0.4554821428571428,0.45795092250922537,0.36707393364928914,0.33008894847283626,0.2763940438871471,0.40492098445595837,0.3794612385321104,0.4643259574468087
band_99,0.37777352941176473,0.4462455357142856,0.44917453874538765,0.35984644549763034,0.32383065982746534,0.2713890282131663,0.39732072538860097,0.37221032110091756,0.45556255319148947
band_100,0.37856544117647095,0.4462142857142858,0.44989409594095986,0.3602611374407584,0.32437381674049826,0.2721526645768024,0.39828523316062164,0.3729176605504584,0.4557710638297875
band_101,0.3793566176470585,0.44679821428571437,0.4508586715867159,0.3610502369668246,0.3250919561669388,0.2728652037617554,0.3993235751295339,0.3739670871559633,0.4566404255319148
band_102,0.3775713235294116,0.44358303571428576,0.44815424354243566,0.3592976303317537,0.32363056656563377,0.2722670846394984,0.39750880829015567,0.37244243119266063,0.4541957446808509
band_103,0.36647573529411775,0.4268187500000002,0.43109077490774916,0.34730426540284365,0.31382578689671364,0.26496489028213144,0.38443497409326444,0.36181479357798113,0.43777361702127665
band_104,0.3690426470588235,0.4245401785714287,0.42748892988929854,0.34711374407582907,0.3156963627885291,0.26749561128526667,0.3852038860103625,0.3646058486238528,0.43563872340425547
band_105,0.3787205882352942,0.4366937499999999,0.4406498154981549,0.3571502369668247,0.32439790160876825,0.27485015673981206,0.39667927461139874,0.374815137614679,0.4485400000000001
band_106,0.37695955882352955,0.4320508928571429,0.4356881918819185,0.3547597156398103,0.3227077873630214,0.27455517241379335,0.3936261658031087,0.3731446100917429,0.4443417021276597
band_107,0.37095220588235284,0.4226607142857141,0.4264833948339483,0.347891943127962,0.3176705292608997,0.2704959247648905,0.387195595854922,0.36760194954128467,0.4352306382978724
band_108,0.3740051470588235,0.42817767857142847,0.43433431734317335,0.35200521327014234,0.32104490557239507,0.2727300940438872,0.3930922279792744,0.37190607798165165,0.44191702127659577
band_109,0.36545367647058846,0.41708571428571445,0.424683025830258,0.3439781990521328,0.31354765679645574,0.26679749216300935,0.3834124352331608,0.36314415137614664,0.4320902127659574
band_110,0.3360977941176471,0.3760205357142855,0.38251881918819214,0.31419999999999987,0.2895752856143622,0.24792695924764882,0.3501826424870465,0.3354547018348626,0.3910451063829792
band_111,0.3528264705882352,0.3766419642857142,0.37853173431734316,0.323236492890995,0.3048389134996493,0.2657178683385579,0.3611857512953367,0.3539334862385314,0.39224638297872344
band_112,0.37570588235294117,0.4034848214285714,0.4082413284132845,0.3451161137440758,0.3248100955933774,0.2815495297805643,0.38878652849740886,0.37909977064220174,0.42143702127659594
band_113,0.34701323529411765,0.37108839285714273,0.37712250922509216,0.3188834123222749,0.29988666355793836,0.26016300940438875,0.35758601036269405,0.3497534403669728,0.3900497872340425
band_114,0.35413602941176464,0.3768776785714284,0.38639815498155006,0.3251810426540283,0.3067942410818378,0.2656830721003135,0.3666129533678754,0.35867889908256856,0.39930851063829803
band_115,0.34629705882352946,0.36758571428571435,0.3809546125461252,0.3183047393364928,0.3006644672417822,0.25960470219435755,0.3606082901554402,0.3522993119266056,0.3936038297872339
band_116,0.3416470588235294,0.3642223214285713,0.3807892988929888,0.3156924170616113,0.29737339706225263,0.25561818181818213,0.35779844559585483,0.34871720183486277,0.39318042553191496
band_117,0.3512514705882353,0.3773991071428573,0.3978520295202952,0.32568578199052134,0.3059681044532523,0.26175485893416944,0.3701041450777204,0.3587436926605506,0.40965829787234037
band_118,0.3570573529411765,0.38769910714285716,0.41144944649446485,0.3332298578199054,0.3105656096992299,0.26430909090909094,0.3779284974093266,0.36375447247706394,0.422663404255319
band_119,0.35071764705882363,0.3807026785714284,0.4036040590405906,0.327004739336493,0.3048465143390072,0.2595702194357366,0.37033445595854914,0.3567655963302748,0.41524042553191487
band_120,0.36083823529411757,0.39295892857142867,0.41781771217712194,0.3368943127962087,0.31421942177663714,0.2673420062695926,0.38261632124352324,0.3675719036697248,0.4289072340425534
band_121,0.36855441176470594,0.4043544642857141,0.4307228782287823,0.34584928909952606,0.32112270925623615,0.2728213166144199,0.3925253886010362,0.3749720183486239,0.4410068085106381
band_122,0.3712360294117647,0.4091482142857142,0.4362649446494461,0.3494810426540284,0.3236121706691529,0.2750335423197492,0.39584326424870475,0.3770261467889906,0.44634170212765967
band_123,0.37651029411764725,0.4163089285714284,0.4434944649446496,0.3553800947867298,0.3283661692702264,0.27926771159874597,0.4017624352331607,0.38189782110091747,0.45344936170212763
band_124,0.3787889705882352,0.4192571428571427,0.44652546125461273,0.35755592417061605,0.3301962928421542,0.2812263322884014,0.4040000000000004,0.38340458715596404,0.4559229787234042
band_125,0.3780294117647058,0.41927767857142845,0.44517896678966806,0.35708815165876784,0.3294364886920024,0.28102382445141066,0.4027665803108807,0.3820378440366975,0.4545910638297873
band_126,0.3844544117647059,0.42727589285714285,0.4533298892988928,0.3641886255924173,0.33552816507344396,0.28631912225705364,0.4100945595854924,0.38851800458715624,0.46264085106382946
band_127,0.3890411764705882,0.4338491071428573,0.45947564575645755,0.3691876777251184,0.3397290044299371,0.29035454545454537,0.41528963730569934,0.3926135321100919,0.4682114893617021
band_128,0.39236102941176465,0.4383392857142859,0.4635667896678965,0.3727322274881515,0.342836558638377,0.29299529780564276,0.4186147668393782,0.3956440366972475,0.47223787234042564
band_129,0.3967867647058822,0.44435714285714284,0.46897084870848726,0.3774132701421801,0.34683553275821893,0.2968561128526646,0.42338134715025905,0.39949931192660554,0.4773821276595745
band_130,0.40095735294117646,0.4495982142857144,0.4739261992619928,0.3819635071090049,0.3504325250641175,0.30032695924764896,0.4277256476683938,0.403055275229358,0.4824442553191491
band_131,0.40154999999999985,0.45136785714285743,0.4749557195571957,0.3830298578199053,0.3511653765446502,0.3011633228840125,0.42826632124352315,0.4033415137614687,0.48305659574468107
band_132,0.4056610294117648,0.4562919642857142,0.48016900369003657,0.3874308056872038,0.35499892748892387,0.3048131661442005,0.43278264248704656,0.4069519495412843,0.48803106382978717
band_133,0.4074727941176472,0.45925446428571426,0.4829317343173429,0.38991232227488165,0.3570132431802281,0.306847962382445,0.43485310880829037,0.4088108944954133,0.4906944680851063
band_134,0.4101985294117645,0.4628017857142858,0.48609003690036934,0.39302796208530827,0.35948939146654263,0.3092561128526644,0.43733989637305726,0.41116433486238524,0.49388638297872345
band_135,0.41158161764705853,0.4653767857142859,0.4884453874538747,0.3950488151658771,0.3612831429237582,0.31106739811912243,0.4391764248704664,0.41283211009174253,0.4957008510638298
band_136,0.413405882352941,0.46655178571428557,0.4898487084870846,0.39672180094786713,0.36261720680811416,0.3125153605015672,0.4404396373056994,0.4139729357798167,0.4973080851063831
band_137,0.41502500000000003,0.4691241071428572,0.49246531365313684,0.39908009478673007,0.3648501282350193,0.31487586206896573,0.44301709844559584,0.4161447247706425,0.5002412765957446
band_138,0.416410294117647,0.46993035714285725,0.49365571955719534,0.40027251184834134,0.36621683376078323,0.31618181818181834,0.44375336787564784,0.41743096330275276,0.5013817021276591
band_139,0.4148632352941179,0.46783660714285713,0.4912509225092255,0.39946919431279637,0.36520375378876235,0.3156529780564265,0.4422585492227984,0.41623761467889914,0.4994068085106388
band_140,0.41189411764705874,0.4627062500000001,0.48696937269372687,0.3962208530805686,0.3628468174399636,0.3139802507836992,0.43856709844559527,0.41332305045871504,0.49516382978723433
band_141,0.40812205882352937,0.4569982142857144,0.4812402214022139,0.39247014218009485,0.3598934716717192,0.31155329153605016,0.4340917098445595,0.40980114678899004,0.48996468085106404
band_142,0.4067264705882353,0.4546517857142856,0.47949225092250963,0.3915563981042654,0.3595630916297498,0.31156269592476515,0.43322124352331626,0.4096438073394493,0.48830553191489334
band_143,0.40013014705882355,0.4444660714285712,0.4692461254612547,0.3845810426540282,0.3538257635812549,0.3069949843260189,0.4251512953367876,0.40340722477064206,0.47897021276595714
band_144,0.38988970588235305,0.4286026785714287,0.45219667896679006,0.37308625592417044,0.34473508976451345,0.29980282131661445,0.4120782383419688,0.3934797018348622,0.4627914893617024
band_145,0.38592132352941183,0.42052232142857127,0.4449690036900371,0.3684426540284361,0.34260228491489986,0.29802727272727275,0.4082585492227977,0.39164621559633034,0.45579957446808506
band_146,0.3760654411764706,0.4058937500000001,0.4308505535055354,0.3579431279620853,0.33453954301702105,0.29141536050156747,0.3981015544041451,0.3830697247706421,0.4412008510638297
band_147,0.35123750000000004,0.3689089285714285,0.390439852398524,0.3303308056872037,0.3126654464910241,0.27437241379310334,0.366885492227979,0.35831639908256824,0.40181234042553193
band_148,0.35278455882352916,0.3544124999999999,0.3725446494464947,0.32569052132701437,0.3165544882256936,0.28125736677115987,0.3639603626943007,0.36426788990825715,0.3849038297872343
band_149,0.3747073529411764,0.36805892857142847,0.38478081180811835,0.3434881516587679,0.33847584518535684,0.3027909090909091,0.3860906735751296,0.3909221330275225,0.3981978723404256
band_150,0.384502205882353,0.38097589285714273,0.4055811808118081,0.35491943127962094,0.3506421310328745,0.3095053291536052,0.4040753886010361,0.40620756880733966,0.4173204255319146
band_151,0.3728345588235294,0.36875357142857157,0.3965841328413286,0.3442502369668246,0.3392446257868966,0.2987554858934169,0.39132383419689115,0.3938797018348627,0.40902553191489366
band_152,0.3541242647058822,0.35246249999999996,0.3826206642066421,0.3281976303317537,0.32087803683842386,0.2810915360501566,0.37146632124352347,0.3744224770642207,0.3963527659574468
band_153,0.2988110294117648,0.2886321428571429,0.31361476014760153,0.2730985781990524,0.26966859407787386,0.23778495297805657,0.30780854922279777,0.31532649082568837,0.32697829787234034
band_154,0.3217588235294118,0.3092883928571428,0.3436202952029518,0.29459763033175346,0.2936638144089533,0.25620815047021933,0.3374932642487047,0.3461098623853209,0.35582212765957444
band_155,0.31505514705882354,0.30626160714285716,0.3432974169741696,0.2895137440758294,0.2877288878526456,0.24930125391849536,0.3331305699481867,0.3393866972477064,0.354935319148936
band_156,0.3150448529411764,0.31159910714285716,0.3529915129151292,0.29191990521327,0.287733271158778,0.24713510971786817,0.3362002590673573,0.33942316513761506,0.36345106382978704
band_157,0.31273749999999984,0.31221785714285727,0.35471697416974185,0.2906161137440759,0.2851240382373512,0.24381912225705343,0.33432668393782367,0.3359542431192656,0.3660004255319151
band_158,0.3162845588235293,0.31736696428571415,0.3600889298892989,0.29403412322274897,0.28726278852879494,0.24566833855799378,0.3374564766839378,0.3385611238532108,0.3717093617021277
band_159,0.3177470588235295,0.31906071428571436,0.36195719557195577,0.29500616113744077,0.287970972254606,0.24638338557993722,0.33871839378238366,0.3395917431192659,0.37384723404255304
band_160,0.31891470588235277,0.3197598214285713,0.36248450184501846,0.29549004739336504,0.2885328514805319,0.24701818181818186,0.33954740932642513,0.340518922018348,0.3747548936170214
band_161,0.31687941176470585,0.31705535714285704,0.3585276752767524,0.29270047393364945,0.28629342504080246,0.24521222570532925,0.3366860103626947,0.3384355504587153,0.371111914893617
band_162,0.32243088235294115,0.3230526785714285,0.36600295202952027,0.29772085308056884,0.2913231988808574,0.24925391849529768,0.3437015544041452,0.34494827981651394,0.3784251063829789
band_163,0.32410073529411776,0.32494464285714264,0.36901439114391127,0.2991729857819905,0.29259065050128163,0.25033949843260195,0.345636269430052,0.34649369266054997,0.3812093617021279
band_164,0.31984705882352943,0.32012946428571426,0.36302583025830254,0.2947943127962085,0.28879839123338763,0.2469429467084639,0.34067979274611376,0.3420607798165135,0.3755259574468085
band_165,0.3235749999999998,0.3244625000000001,0.3687428044280443,0.29922274881516575,0.29276752156679875,0.25018620689655174,0.34568290155440423,0.3463181192660548,0.3808259574468086
band_166,0.3257448529411764,0.32708660714285703,0.372238745387454,0.3022853080568721,0.29555113079972006,0.25265893416927904,0.34836321243523327,0.3487712155963303,0.3841625531914892
band_167,0.33237794117647074,0.3346446428571429,0.38100848708487073,0.30945071090047394,0.30256442061086547,0.25900282131661456,0.3562474093264245,0.35644977064220223,0.3929455319148936
band_168,0.33727279411764716,0.3406991071428572,0.38830774907749077,0.3153412322274884,0.3073400559571001,0.263155485893417,0.3620005181347153,0.3612589449541285,0.4007902127659575
band_169,0.3426750000000002,0.3465169642857142,0.39528708487084874,0.3212270142180094,0.3126432968057831,0.26794075235109727,0.3678461139896376,0.3670131880733944,0.40801914893617025
band_170,0.3488007352941178,0.3538089285714286,0.4040107011070109,0.32799857819905215,0.31886733504313436,0.27340877742946673,0.37520155440414504,0.37361295871559647,0.41705234042553174
band_171,0.3535617647058824,0.3595116071428572,0.41095904059040606,0.3338872037914692,0.3238951970156215,0.2777131661442007,0.3809655440414505,0.37876307339449533,0.4240919148936169
band_172,0.3563941176470587,0.362680357142857,0.41458597785977847,0.33720379146919405,0.3268476801119142,0.2805971786833854,0.3840274611398963,0.3815334862385317,0.4282348936170213
band_173,0.35825514705882366,0.3646571428571431,0.41713505535055356,0.3398469194312798,0.32892629983679195,0.2825068965517242,0.38593497409326427,0.3833674311926605,0.43069531914893594
band_174,0.3619014705882356,0.36851160714285697,0.4215136531365314,0.34382843601895735,0.3328493821403586,0.2859620689655172,0.3899424870466322,0.3874744266055046,0.4355940425531912
band_175,0.363251470588235,0.36994107142857147,0.4231195571955717,0.34564644549763024,0.33441813942643983,0.2875821316614422,0.3914531088082899,0.38890229357798184,0.43741319148936164
band_176,0.361720588235294,0.3679883928571427,0.4210896678966788,0.34453033175355435,0.3333916530659825,0.2865774294670847,0.38971865284974094,0.3873470183486239,0.4355936170212766
band_177,0.3631683823529412,0.3687598214285716,0.42218081180811795,0.3461815165876776,0.33502643972954016,0.2881332288401254,0.39057461139896393,0.3888428899082568,0.43682297872340425
band_178,0.37258602941176483,0.37829375000000004,0.43383874538745376,0.3557161137440757,0.344715761249708,0.2961332288401253,0.4016582901554405,0.39994139908256904,0.4485791489361702
band_179,0.37053529411764724,0.3758580357142857,0.4323369003690037,0.354526066350711,0.3438501981813936,0.29551630094043896,0.4003538860103626,0.39876353211009186,0.44681361702127664
band_180,0.3644830882352941,0.3686366071428572,0.42524575645756474,0.34875876777251186,0.33881319654931197,0.29094858934169276,0.3937536269430052,0.39282729357798213,0.4393089361702128
band_181,0.36434117647058806,0.3676187499999998,0.4251088560885607,0.3493407582938389,0.33969659594311025,0.29191222570532915,0.3938121761658033,0.39401250000000004,0.43966425531914893
band_182,0.3594522058823529,0.3608178571428574,0.4186915129151291,0.34438483412322274,0.3360715551410582,0.28846050156739833,0.3887085492227979,0.3900628440366973,0.43320042553191507
band_183,0.35508382352941176,0.35433571428571414,0.41261476014760146,0.3400545023696683,0.33297530892981975,0.28591880877742976,0.38412357512953355,0.3872028669724772,0.4272242553191487
band_184,0.33559632352941193,0.33113571428571426,0.3864708487084873,0.32025355450236964,0.3146084401958486,0.2702385579937306,0.361013989637306,0.3667514908256874,0.4013910638297873
band_185,0.3410867647058825,0.3344294642857141,0.3920040590405905,0.3252691943127962,0.32091555141058464,0.2750968652037616,0.36751165803108815,0.37501525229357796,0.4072331914893621
band_186,0.34260294117647055,0.3335732142857143,0.39358007380073795,0.3264298578199053,0.32389955700629447,0.27697210031347946,0.3703246113989634,0.37954254587155956,0.408407234042553
band_187,0.32798382352941186,0.3137723214285714,0.37373173431734297,0.31118056872037914,0.31133303800419737,0.26600595611285277,0.3535178756476683,0.3663770642201831,0.38809276595744674
band_188,0.31630955882352957,0.2991892857142857,0.3590077490774906,0.29942985781990517,0.30154763348099783,0.2574081504702196,0.3406538860103628,0.3559994266055041,0.37277744680851066
band_189,0.3101794117647059,0.28996517857142845,0.35089483394833937,0.29281137440758287,0.2975562135695956,0.25337147335423194,0.33505310880829037,0.35298818807339405,0.3639123404255319
band_190,0.27636838235294114,0.2507285714285714,0.3053405904059041,0.25878483412322273,0.26673355094427564,0.2271858934169277,0.29542901554404155,0.3176792431192659,0.31642765957446795
band_191,0.2881566176470588,0.2575839285714286,0.3183819188191881,0.26913886255924163,0.28088974119841453,0.2381351097178682,0.31092383419689124,0.3366638761467894,0.3286136170212763
band_192,0.2836147058823529,0.25084196428571437,0.3149642066420665,0.26460094786729865,0.2795349265563065,0.23509373040752374,0.30913549222797904,0.3364193807339451,0.32317999999999997
band_193,0.264129411764706,0.22558482142857142,0.2878239852398523,0.2424815165876778,0.26428307297738424,0.22077210031347974,0.287759585492228,0.31872694954128433,0.2924676595744681
band_194,0.3178389705882352,0.25091071428571426,0.32333357933579343,0.28324691943127955,0.332323362089065,0.2702786833855799,0.34126554404145076,0.3933102064220177,0.3208272340425535
band_195,1.270933088235292,1.1876750000000005,1.355894464944645,1.278485781990519,1.475036465376447,1.3490620689655146,1.4925204663212441,1.4973538990825963,1.4001314893616994
band_196,1.4997999999999956,1.4997999999999962,1.4997999999999947,1.499799999999995,1.4997999999998806,1.4997999999999945,1.4998000000000007,1.4998000000000282,1.499799999999995
band_197,1.4997999999999956,1.4997999999999962,1.4997999999999947,1.499799999999995,1.4997999999998806,1.4997999999999945,1.4998000000000007,1.4998000000000282,1.499799999999995
band_198,1.4997999999999956,1.4997999999999962,1.4997999999999947,1.499799999999995,1.4997999999998806,1.4997999999999945,1.4998000000000007,1.4998000000000282,1.499799999999995
band_199,1.4997999999999956,1.4997999999999962,1.4997999999999947,1.499799999999995,1.4976566099322663,1.4997999999999945,1.4998000000000007,1.4998000000000282,1.499799999999995
band_200,1.4997999999999956,1.4997999999999962,1.4997999999999947,1.499799999999995,1.4997999999998806,1.4997999999999945,1.4998000000000007,1.4998000000000282,1.499799999999995
band_201,1.4997999999999956,1.4997999999999962,1.4997999999999947,1.499799999999995,1.4997999999998806,1.4997999999999945,1.4998000000000007,1.4998000000000282,1.499799999999995
band_202,1.4997999999999956,1.4997999999999962,1.4995291512915074,1.499799999999995,1.4981191186755654,1.4997999999999945,1.4998000000000007,1.4998000000000282,1.499799999999995
band_203,1.4997999999999956,1.4997999999999962,1.4997999999999947,1.499799999999995,1.4977964560502446,1.4997999999999945,1.4998000000000007,1.4998000000000282,1.499799999999995
band_204,1.4994882352941132,1.465190178571426,1.4472627306273012,1.4783962085308013,1.493967055257519,1.4710476489028161,1.4998000000000007,1.4998000000000282,1.4945970212765907
band_205,1.3950544117647028,1.2954598214285709,1.349877859778593,1.371299526066348,1.4893137561201937,1.4169786833855749,1.4994116580310888,1.4998000000000282,1.4299527659574427
band_206,0.9427095588235287,0.7695625000000001,1.0072084870848692,0.9544644549763025,1.234659547680091,0.9904504702194353,1.2565927461139876,1.3771231651376274,0.8346561702127657
band_207,0.3291345588235293,0.23715624999999993,0.32268044280442804,0.3020085308056872,0.3975557938913506,0.32165360501567397,0.39143056994818637,0.4741074541284404,0.2615353191489362
band_208,0.17751102941176478,0.1281705357142857,0.16539594095940954,0.16164123222748808,0.21122345535089795,0.17323072100313494,0.20121373056994807,0.24930309633027511,0.14253234042553184
band_209,0.10903529411764706,0.07312410714285715,0.09971476014760149,0.10223791469194313,0.12986423408719977,0.10735454545454542,0.12008419689119183,0.15250126146789,0.08939531914893621
band_210,0.09845073529411763,0.06313928571428573,0.09355239852398525,0.09625545023696688,0.12262853812077397,0.10068902821316603,0.11061450777202067,0.14294162844036706,0.08523191489361708
band_211,0.10245220588235293,0.0662,0.09459335793357934,0.0987995260663507,0.12556875728608052,0.10290689655172416,0.11260880829015549,0.14736490825688078,0.08582978723404255
band_212,0.09622867647058825,0.061637500000000005,0.08924538745387457,0.09307061611374405,0.11939414782000453,0.09771379310344822,0.1062818652849741,0.13957385321100937,0.07999659574468083
band_213,0.08428088235294116,0.05342142857142857,0.08012767527675276,0.0833251184834123,0.10660690137561207,0.08703761755485893,0.0938170984455959,0.12459174311926607,0.07334936170212766
band_214,0.08082352941176472,0.05051607142857144,0.07883136531365317,0.08120284360189577,0.10339897411984172,0.0835510971786834,0.09064896373056992,0.12054380733944965,0.07216085106382984
band_215,0.07703382352941178,0.046928571428571444,0.07779704797047972,0.07861184834123221,0.09980531592445818,0.07935736677115991,0.0876896373056995,0.11592901376146784,0.07188425531914895
band_216,0.07314191176470593,0.04433482142857143,0.07399926199261994,0.07433554502369666,0.09423268827232464,0.07483166144200634,0.08238549222797927,0.10918279816513765,0.06850808510638295
band_217,0.07719779411764703,0.04668839285714286,0.07695904059040594,0.07741753554502372,0.0982544182793192,0.07786927899686523,0.08590518134715035,0.11410527522935789,0.07143319148936171
band_218,0.08173161764705883,0.050095535714285704,0.07906678966789668,0.07999383886255923,0.10265458148752632,0.08170532915360504,0.09034611398963736,0.12030883027522944,0.0725970212765958
band_219,0.08630367647058824,0.053731249999999994,0.08761476014760144,0.08581658767772511,0.10959895080438335,0.08615266457680251,0.09790025906735753,0.12849564220183485,0.08157531914893616
band_220,0.08387794117647052,0.05243035714285714,0.08466715867158678,0.08279241706161142,0.10497169503380736,0.08275172413793103,0.09411709844559588,0.1234844036697246,0.07917234042553188
band_221,0.08375294117647065,0.053208928571428574,0.08547896678966788,0.08216066350710903,0.10369337840988556,0.08161974921630097,0.09377098445595855,0.1219873853211009,0.08053574468085106
band_222,0.08852720588235294,0.05824910714285712,0.09341476014760144,0.0877379146919431,0.10863086966658926,0.08532351097178685,0.09979119170984466,0.12786662844036695,0.08897574468085107
band_223,0.0896110294117647,0.06033482142857143,0.09556051660516605,0.08858672985781994,0.1083426439729541,0.08526614420062689,0.10037046632124352,0.12745389908256874,0.09162382978723407
band_224,0.09232058823529413,0.06329196428571425,0.09927675276752769,0.09086682464454972,0.10992615994404323,0.08643510971786832,0.10296476683937823,0.12932591743119262,0.09601617021276593
band_225,0.09548749999999996,0.06664821428571428,0.10272878228782291,0.09355971563981043,0.112424737701096,0.08869874608150473,0.10612487046632131,0.13262133027522943,0.09988340425531922
band_226,0.10239338235294117,0.07275178571428573,0.11077269372693721,0.09974881516587683,0.11898629051060812,0.09400783699059562,0.11350077720207256,0.140480619266055,0.1082774468085107
band_227,0.10676617647058818,0.07686874999999996,0.11598671586715867,0.10368341232227495,0.12288202378176719,0.09723855799373043,0.11814533678756488,0.1454339449541282,0.11363234042553193
band_228,0.11138382352941172,0.08150714285714285,0.1214608856088561,0.10769336492890999,0.12678015854511526,0.10049184952978053,0.1232393782383419,0.15032477064220173,0.11927659574468082
band_229,0.11469999999999997,0.08468750000000001,0.12512398523985238,0.11018483412322276,0.12905866169270266,0.10249059561128522,0.12628082901554397,0.15318853211009145,0.12341276595744674
band_230,0.11941323529411771,0.08940357142857143,0.13041697416974163,0.11404976303317535,0.13292842154348303,0.10570313479623823,0.131359585492228,0.15810516055045892,0.12889829787234036
band_231,0.12388897058823532,0.09384196428571426,0.1355822878228782,0.11774786729857822,0.13645392865469794,0.10869749216300939,0.1359176165803108,0.16252110091743113,0.13417489361702126
band_232,0.12735220588235302,0.09746160714285716,0.13928413284132843,0.12035545023696674,0.13896670552576357,0.11091724137931033,0.13927797927461139,0.1657577981651376,0.13826638297872335
band_233,0.13216544117647058,0.10202946428571423,0.14461033210332105,0.12435781990521333,0.14303830729773834,0.11442946708463948,0.1443533678756476,0.17080114678899105,0.1437008510638298
band_234,0.1348889705882353,0.1049232142857143,0.14762472324723247,0.1264118483412322,0.14485103753788772,0.11596238244514112,0.14721424870466313,0.17314369266055044,0.14682042553191482
band_235,0.13755441176470587,0.10794464285714289,0.15065977859778604,0.12851943127962084,0.14670967591513182,0.1176608150470219,0.14994481865284975,0.17544231651376138,0.15005404255319144
band_236,0.1403875,0.11094642857142853,0.15374206642066426,0.1306445497630331,0.1487633947307063,0.1195332288401254,0.1528393782383421,0.1779759174311924,0.1532927659574468
band_237,0.14317941176470597,0.11360982142857148,0.15679815498154973,0.13285829383886255,0.15093522965726308,0.12132884012539186,0.15561554404145087,0.18055699541284387,0.15643744680851077
band_238,0.1453213235294117,0.11590803571428572,0.15908597785977863,0.13454502369668248,0.15250354394963808,0.12271347962382437,0.15782253886010364,0.1825965596330275,0.15873446808510636
band_239,0.14569852941176462,0.11714553571428572,0.15963357933579334,0.1346308056872038,0.1523150617859641,0.12256144200626967,0.15824507772020724,0.18233428899082546,0.15941063829787225
band_240,0.1507794117647059,0.12199375000000004,0.16558118081180814,0.13929526066350706,0.15714828631382619,0.12651755485893418,0.1640300518134714,0.18815206422018327,0.16542212765957442
band_241,0.1536794117647059,0.12477410714285717,0.1687343173431734,0.14165165876777255,0.15950342737234774,0.12880313479623823,0.16701476683937827,0.191041743119266,0.16887787234042562
band_242,0.15411323529411766,0.12551964285714284,0.1692132841328415,0.14198909952606628,0.15953977617160164,0.12884827586206898,0.1674321243523317,0.19088669724770654,0.16935999999999998
band_243,0.15880220588235286,0.1299214285714286,0.17457859778597798,0.14632132701421802,0.16413940312427125,0.1325633228840126,0.17253782383419677,0.1963260321100918,0.1749251063829788
band_244,0.1624139705882353,0.13297946428571428,0.17856605166051656,0.14951374407582937,0.16766369783166263,0.13536300940438878,0.176328756476684,0.200222821100918,0.17904297872340438
band_245,0.16676838235294114,0.13732500000000003,0.1841376383763838,0.15397914691943124,0.17258964793658219,0.1392492163009404,0.18162227979274614,0.20592672018348618,0.18458255319148936
band_246,0.1688220588235294,0.13909196428571435,0.18634760147601484,0.15613364928909954,0.17469834460247152,0.14097742946708466,0.18395699481865263,0.20816479357798157,0.18701744680851068
band_247,0.17008088235294117,0.14067589285714285,0.18827343173431735,0.15749620853080573,0.17600048962462103,0.14214576802507833,0.1856126943005182,0.20938589449541284,0.18898085106382975
band_248,0.17027794117647072,0.14102589285714284,0.1885188191881919,0.15765687203791476,0.17612308230356774,0.1422557993730408,0.18561398963730574,0.20925068807339417,0.18938085106382999
band_249,0.1752573529411764,0.1454723214285714,0.19441143911439107,0.16252085308056868,0.18136143623222187,0.14647272727272728,0.19150854922279803,0.21523681192660557,0.1954778723404253
band_250,0.17730955882352945,0.14723392857142859,0.19680442804428022,0.1645037914691943,0.1834421077174166,0.1481890282131662,0.19370284974093277,0.21762993119266047,0.19785744680851083
band_251,0.17645955882352934,0.14682053571428563,0.19598929889298897,0.1635710900473933,0.18252692935416143,0.1475467084639499,0.19289119170984445,0.21641227064220173,0.19720893617021276
band_252,0.17546176470588232,0.14615625000000004,0.19508560885608858,0.16305592417061607,0.18180158545115432,0.1470846394984325,0.19207772020725394,0.21512614678899084,0.19623021276595745
band_253,0.17766323529411762,0.14840446428571435,0.1980841328413283,0.16570331753554499,0.18473175565399833,0.14931253918495305,0.1951303108808291,0.2181716743119263,0.19927404255319145
band_254,0.17742794117647048,0.1485669642857143,0.19830479704797038,0.16608672985781978,0.1852853345768245,0.14964764890282128,0.19569326424870484,0.21830997706421984,0.19954893617021272
band_255,0.17767500000000003,0.14894107142857146,0.1987394833948338,0.16649241706161136,0.1858033341105151,0.15008808777429475,0.19633860103626935,0.2184325688073397,0.19990170212765965
band_256,0.17944852941176465,0.15040267857142858,0.20026273062730623,0.16764218009478676,0.1871518069480063,0.1511746081504702,0.19801632124352334,0.21974644495412843,0.201168085106383
band_257,0.17765661764705873,0.14869464285714287,0.1968752767527675,0.16465213270142187,0.18390841688039192,0.1485529780564262,0.1947948186528495,0.21580928899082566,0.197627659574468
band_258,0.17919779411764705,0.15040446428571436,0.19827490774907755,0.1654104265402844,0.1847089298204713,0.1491633228840126,0.19629922279792755,0.21692786697247676,0.19894553191489348
band_259,0.1781816176470587,0.14946517857142855,0.1967468634686347,0.16374265402843602,0.18310722779202634,0.14778275862068965,0.19465518134715043,0.21535997706422016,0.19725191489361696
band_260,0.17802720588235296,0.14924821428571433,0.19659335793357935,0.16346445497630327,0.18290261133131203,0.147269278996865,0.19438911917098445,0.2152904816513762,0.1969540425531916
band_261,0.17766985294117635,0.14953214285714292,0.19624686346863474,0.1631611374407582,0.18271545814875248,0.1469109717868337,0.19405440414507755,0.2152763761467889,0.19658297872340413
band_262,0.17649338235294112,0.14852232142857139,0.194690036900369,0.16156540284360194,0.1814494054558167,0.14562852664576806,0.19287176165803105,0.21429977064220163,0.1948510638297872
band_263,0.1746941176470587,0.14697321428571428,0.191740590405904,0.15930189573459724,0.17924856609932374,0.14352946708463948,0.19073082901554417,0.21208405963302765,0.19228127659574468
band_264,0.17277205882352947,0.1449553571428571,0.18966346863468653,0.15713033175355454,0.1772746794124504,0.1417166144200627,0.18839533678756473,0.2098896788990827,0.18955063829787222
band_265,0.17145955882352934,0.1433125000000001,0.18749151291512905,0.15547488151658767,0.17584956866402485,0.1403658307210032,0.18638834196891207,0.20805768348623854,0.1871974468085107
band_266,0.16936691176470584,0.14160803571428573,0.18478265682656816,0.1530976303317535,0.173821240382374,0.1382990595611285,0.1841992227979273,0.20586043577981636,0.18445106382978724
band_267,0.16848750000000004,0.14116517857142857,0.18410885608856103,0.1522412322274882,0.17332014455584044,0.13757836990595604,0.18348160621761642,0.20522844036697288,0.18336212765957444
band_268,0.16271176470588233,0.13600267857142856,0.17730664206642066,0.14697393364928912,0.16773098624387947,0.13312915360501573,0.17674559585492222,0.19814655963302752,0.1763612765957447
band_269,0.1600250000000001,0.13326071428571432,0.17440332103321032,0.14535924170616107,0.16640941944509183,0.13193887147335429,0.1744945595854921,0.19628990825688042,0.1734770212765958
band_270,0.15654485294117643,0.13022946428571427,0.1713387453874539,0.14310189573459714,0.1641678479832129,0.12996802507836994,0.17140984455958536,0.19327844036697253,0.1703242553191489
band_271,0.1548036764705882,0.1274133928571429,0.16877675276752763,0.14125829383886257,0.16232354861272993,0.12870846394984323,0.16904378238341977,0.19149747706422013,0.16772382978723402
band_272,0.15601985294117648,0.12705714285714287,0.1691306273062731,0.1419303317535545,0.1633961296339474,0.1295448275862069,0.16986450777202078,0.19320137614678895,0.16829446808510648
band_273,0.15272867647058827,0.1231607142857143,0.16482472324723246,0.13856492890995262,0.15993390067614788,0.12678557993730413,0.16569766839378222,0.18925298165137655,0.1638804255319147
band_274,0.1536433823529411,0.12361964285714289,0.16636937269372704,0.13983696682464455,0.1615803217533225,0.12810125391849533,0.1673129533678757,0.19154793577981677,0.16532255319148942
band_275,0.14746985294117643,0.11759374999999996,0.15916494464944653,0.13441943127962083,0.1558407087899275,0.12361034482758629,0.16030777202072538,0.18478864678899073,0.15786170212765963
band_276,0.14642426470588232,0.11620446428571433,0.15823653136531365,0.13400663507109006,0.15566763814408968,0.12348150470219435,0.1595137305699483,0.18446032110091748,0.15694765957446805
band_277,0.1408845588235295,0.11047500000000003,0.15129667896678972,0.12918625592417063,0.15100039636278825,0.11974106583072099,0.1533386010362695,0.17888532110091745,0.1494893617021277
band_278,0.13963088235294113,0.10860535714285713,0.14987084870848724,0.1281085308056873,0.15032671951503826,0.11913981191222568,0.1522963730569948,0.17827006880733953,0.14804468085106393
band_279,0.1314036764705882,0.10064732142857145,0.13924059040590409,0.12010521327014219,0.14176810445325255,0.11247805642633232,0.1423968911917099,0.16836479357798181,0.1372429787234043
band_280,0.13436911764705883,0.10217321428571437,0.1420715867158672,0.12310379146919441,0.14586726509675907,0.11566175548589336,0.14639119170984455,0.17356754587155973,0.13979787234042543
band_281,0.13107205882352946,0.09891517857142858,0.13849630996309958,0.12022322274881521,0.14396525996735823,0.11416300940438867,0.14345777202072546,0.17131410550458712,0.13522340425531917
band_282,0.13569411764705883,0.10121249999999997,0.14170701107011066,0.12390331753554498,0.14885024481231085,0.11845391849529788,0.14818652849740938,0.17669655963302777,0.1386348936170213
band_283,0.13763014705882348,0.09898571428571436,0.13887896678966782,0.1250853080568721,0.15305315924457888,0.1222282131661442,0.14917875647668385,0.18259254587155968,0.13425361702127664
band_284,0.14636838235294117,0.10400625000000005,0.14535940959409596,0.1311156398104266,0.16301986477034272,0.13002758620689656,0.1583279792746115,0.19378944954128446,0.13978808510638302
band_285,0.17388897058823527,0.11985000000000004,0.16261180811808126,0.15342890995260666,0.1952972720913965,0.1571680250783698,0.186502590673575,0.23407545871559632,0.15256978723404255
band_286,0.21379632352941172,0.14571607142857154,0.19786715867158658,0.18804454976303334,0.24736089997668423,0.1974492163009405,0.2328575129533677,0.29643073394495406,0.1766621276595745
band_287,0.4052632352941176,0.27910535714285717,0.40170774907749046,0.3498056872037914,0.4870922359524365,0.37365736677115974,0.46238886010362695,0.5848530963302752,0.31325914893616996
band_288,0.893224999999999,0.6534973214285713,0.8857269372693721,0.8360284360189578,1.1412555374213007,0.8770043887147329,1.1133002590673564,1.3091422018348722,0.6809425531914892
band_289,1.0066338235294106,0.8348339285714289,1.0811306273062713,1.0132350710900455,1.3609951270691891,1.1022197492163004,1.3089269430051784,1.454162500000022,0.8835842553191487
band_290,1.4997999999999956,1.493066071428568,1.4831210332103268,1.4622734597156348,1.4949047796688035,1.4986335423197434,1.4960398963730577,1.4998000000000282,1.4934178723404203
band_291,1.4997999999999956,1.4997999999999962,1.4997999999999947,1.499799999999995,1.4997999999998806,1.4997999999999945,1.4881435233160625,1.4998000000000282,1.499799999999995
band_292,1.4997999999999956,1.4997999999999962,1.4942656826568212,1.4713677725118435,1.4972252972719728,1.4997999999999945,1.4959145077720213,1.4998000000000282,1.499799999999995
band_293,1.4997999999999956,1.4997999999999962,1.4942656826568212,1.4855838862559192,1.4983990906970133,1.4997999999999945,1.484258031088083,1.4998000000000282,1.499799999999995
band_294,1.4997999999999956,1.4991071428571392,1.494115867158666,1.492691943127957,1.4973522033106763,1.4997999999999945,1.4935821243523322,1.4998000000000282,1.499799999999995
band_295,1.4997999999999956,1.4997999999999962,1.4997999999999947,1.4784758293838813,1.4991006295172509,1.4997999999999945,1.4881435233160625,1.4998000000000282,1.4934178723404203
band_296,1.4997999999999956,1.4864089285714248,1.4430752767527624,1.4784758293838813,1.4966259967357174,1.4997999999999945,1.4959145077720213,1.4963600917431474,1.4934178723404203
band_297,1.4997999999999956,1.4648428571428536,1.4727206642066366,1.4939218009478623,1.4963999999998816,1.4997999999999945,1.4881435233160625,1.4998000000000282,1.4804987234042501
band_298,1.4997999999999956,1.4997999999999962,1.4887313653136478,1.4571516587677678,1.4924566099322678,1.4997999999999945,1.4726015544041449,1.4998000000000282,1.499799999999995
band_299,1.4997999999999956,1.4777499999999961,1.4720276752767474,1.4784758293838813,1.4971240615526908,1.4997999999999945,1.4881435233160625,1.498080045871588,1.4937136170212715
band_300,1.489511764705878,1.4026571428571395,1.4462878228782239,1.4580805687203744,1.4884005595708811,1.4903777429467029,1.478529274611399,1.4998000000000282,1.4788948936170163
band_301,1.4336948529411726,1.281967857142856,1.305953505535051,1.3265947867298542,1.483702121706578,1.4454554858934119,1.480044559585492,1.496663761467918,1.373733191489358
band_302,1.4346132352941143,1.233516964285713,1.3190276752767485,1.3380056872037875,1.4779301702027332,1.4437065830720952,1.4454556994818641,1.4961911697247987,1.390325957446805
band_303,1.4438794117647022,1.3386732142857125,1.3238512915129108,1.4179616113744034,1.4860121473535803,1.4468119122257002,1.4544572538860097,1.49756227064223,1.4160540425531873
band_304,1.498961764705878,1.4539446428571394,1.4693369003689984,1.4526341232227444,1.4951669153647686,1.4859548589341636,1.4789821243523318,1.4963600917431474,1.4754374468085056
band_305,1.4997999999999956,1.4060624999999967,1.4721284132841277,1.452160663507104,1.4947597342036592,1.4950984326018752,1.4745246113989638,1.4929201834862666,1.48279957446808
band_306,1.4887720588235251,1.416500892857139,1.4367760147601425,1.4713829383886206,1.4941285381206566,1.4950984326018752,1.465947150259067,1.4998000000000282,1.4701506382978673
band_307,1.3929977941176437,1.265154464285713,1.3171852398523938,1.3070009478672953,1.469637141524722,1.4397959247648853,1.4507875647668385,1.4936223623853486,1.37422382978723
band_308,1.0041661764705871,0.8576624999999997,1.0815627306273037,1.0582175355450216,1.3819932152016015,1.1701260188087752,1.325534715025903,1.459623394495437,0.9068617021276589
band_309,0.7670889705882346,0.5600517857142854,0.8003793357933574,0.7693317535545022,1.0473033574259736,0.7655601880877736,1.047426683937823,1.209821330275237,0.5599668085106383
band_310,0.40799338235294114,0.28933392857142864,0.4014284132841327,0.370750710900474,0.5426599440428985,0.4101927899686519,0.5316080310880834,0.6393686926605502,0.28395617021276587
band_311,0.16704632352941176,0.1179116071428572,0.1543140221402214,0.1451014218009479,0.2138028444858948,0.1691771159874608,0.1988393782383421,0.25730378440367,0.11285361702127653
band_312,0.08415294117647065,0.052795535714285725,0.07868856088560884,0.08706777251184834,0.1290957565866169,0.09861065830721005,0.10961683937823842,0.1441581422018348,0.060609787234042554
band_313,0.054712499999999976,0.03102410714285715,0.05161734317343174,0.05958388625592421,0.08465653998601078,0.06464231974921629,0.06923367875647668,0.09398188073394498,0.037662127659574475
band_314,0.03978970588235294,0.02317232142857142,0.03967785977859783,0.047297630331753555,0.0683687106551644,0.05104012539184953,0.05442305699481872,0.07385183486238532,0.030649361702127672
band_315,0.04240220588235295,0.025600892857142846,0.04083025830258303,0.04814265402843602,0.06891422242947076,0.052367711598746085,0.055174093264248734,0.07531777522935776,0.030504680851063854
band_316,0.0382830882352941,0.01970803571428573,0.0397439114391144,0.04780000000000001,0.06820207507577514,0.05063510971786836,0.05288782383419689,0.07305332568807352,0.02927829787234043
band_317,0.036075,0.01757767857142857,0.04117453874538745,0.04955639810426543,0.07044021916530656,0.05078275862068964,0.053629274611399005,0.07430252293577988,0.03068595744680851
band_318,0.033565441176470596,0.015222321428571434,0.03822509225092249,0.045663981042654025,0.06520165539752856,0.04692257053291532,0.04911528497409321,0.06824380733944949,0.028305531914893624
band_319,0.033983088235294126,0.015407142857142866,0.03925571955719557,0.046534123222748816,0.06642205642340876,0.04775485893416926,0.04989533678756476,0.06945573394495408,0.02948468085106385
band_320,0.03524411764705884,0.01608214285714285,0.04090295202952031,0.04835118483412322,0.06847003963627885,0.049198119122257036,0.051419689119171,0.07158853211009177,0.03092978723404256
band_321,0.03645220588235296,0.016343749999999997,0.04162583025830258,0.04902843601895732,0.06906626253205854,0.04972319749216298,0.051652590673575145,0.07219357798165132,0.03199234042553193
band_322,0.037516911764705875,0.017109821428571436,0.04281033210332101,0.04991516587677727,0.07019986010725106,0.050597805642633206,0.05270725388601033,0.07360779816513766,0.033404255319148916
band_323,0.03754338235294118,0.016797321428571436,0.04091918819188188,0.048056398104265374,0.06720762415481474,0.048809090909090906,0.05012953367875647,0.07056422018348618,0.03244851063829785
band_324,0.03989264705882352,0.018573214285714297,0.040106273062730624,0.04741895734597156,0.06581681044532525,0.04844639498432603,0.04878290155440414,0.0698885321100918,0.032421276595744654
band_325,0.05074632352941176,0.026344642857142858,0.05387564575645753,0.06131658767772513,0.08478046164607124,0.0620401253918495,0.06455647668393781,0.09096651376146793,0.043442553191489354
band_326,0.04918088235294117,0.02482500000000001,0.05163321033210332,0.05906682464454979,0.08082415481464195,0.05930532915360504,0.06175310880829017,0.08622224770642205,0.042413191489361735
band_327,0.049690441176470576,0.02533482142857143,0.052655350553505564,0.05903033175355453,0.08124476567964542,0.05958307210031349,0.06191580310880834,0.08735057339449542,0.04323319148936171
band_328,0.04903823529411765,0.02558214285714286,0.054076383763837665,0.059982938388625597,0.08186873397062257,0.05995924764890279,0.06335544041450779,0.08782316513761466,0.04496127659574468
band_329,0.04830588235294116,0.02527589285714286,0.05356863468634685,0.058203317535544995,0.07981932851480514,0.05849592476489027,0.06211295336787578,0.08547018348623853,0.04507361702127658
band_330,0.047859558823529415,0.02539107142857144,0.05344833948339484,0.05743080568720381,0.07857575192352532,0.05733040752351099,0.06118108808290157,0.08435229357798162,0.04532170212765958
band_331,0.048948529411764696,0.02650267857142858,0.05454760147601471,0.05809336492890998,0.0792389601305668,0.058073981191222604,0.06214585492227975,0.08529059633027523,0.046988510638297835
band_332,0.049420588235294105,0.027145535714285712,0.05468892988929893,0.0578099526066351,0.0786061319654929,0.05782068965517247,0.06190362694300508,0.0850161697247705,0.0471208510638298
band_333,0.051225,0.028523214285714273,0.05604870848708487,0.05881042654028437,0.0797131499183958,0.05871943573667706,0.06319533678756481,0.08645527522935778,0.048840425531914866
band_334,0.052119852941176485,0.029108035714285708,0.05605461254612545,0.05848293838862554,0.07912487759384502,0.05859341692789969,0.06300595854922283,0.08613199541284403,0.04902978723404256
band_335,0.05401764705882353,0.030981250000000005,0.058074169741697414,0.06003080568720381,0.08084728374912561,0.06009968652037614,0.06507072538860101,0.08857213302752281,0.05079021276595744
band_336,0.054197058823529425,0.03161071428571429,0.05805940959409594,0.059790521327014186,0.0802120774073211,0.05953166144200627,0.06529896373056998,0.08811444954128436,0.05160255319148938
band_337,0.05558455882352942,0.033002678571428565,0.05965571955719557,0.060657345971564,0.08101196083003029,0.06040940438871476,0.06646139896373053,0.0894590596330276,0.0529710638297872
band_338,0.05623382352941176,0.033841964285714274,0.06055313653136531,0.06069336492891,0.08094285381207696,0.0604263322884012,0.06702357512953368,0.08964392201834867,0.05392638297872343
band_339,0.057225,0.034960714285714296,0.06200811808118078,0.061413744075829384,0.08163856376777813,0.06097429467084642,0.06836943005181347,0.09064816513761477,0.05527617021276593
band_340,0.05711985294117647,0.035331249999999995,0.061546125461254604,0.06059004739336489,0.08023669853112608,0.060086833855799396,0.06765880829015541,0.08922614678899074,0.05538042553191489
band_341,0.05782500000000001,0.03622946428571429,0.062282287822878264,0.060698578199052125,0.08030813709489376,0.06023166144200629,0.06804274611398958,0.08946227064220184,0.056191914893616995
band_342,0.05857647058823527,0.03675625000000001,0.06267859778597787,0.06100379146919433,0.08026927022615997,0.06030062695924764,0.06851813471502598,0.08963291284403656,0.056757021276595765
band_343,0.05947426470588235,0.03771785714285715,0.06345092250922507,0.06142464454976302,0.08068062485427822,0.06075266457680249,0.06935595854922284,0.0902371559633029,0.05782936170212768
band_344,0.06049411764705882,0.038726785714285714,0.06434760147601479,0.06210805687203794,0.08136211238050817,0.061361442006269626,0.07013601036269437,0.09107477064220186,0.05854553191489362
band_345,0.06071323529411766,0.039304464285714304,0.06478819188191887,0.061924170616113695,0.08094126836092316,0.06104294670846396,0.07042538860103632,0.0906040137614679,0.05901787234042558
band_346,0.06157352941176467,0.04012142857142857,0.0655173431734317,0.06256255924170619,0.08157034273723499,0.06151974921630096,0.07114507772020726,0.0913229357798166,0.06000978723404253
band_347,0.06204117647058823,0.04063571428571431,0.06584095940959409,0.06282227488151661,0.08176416414082541,0.06183918495297809,0.07146813471502586,0.09150825688073391,0.060328085106382996
band_348,0.06316470588235296,0.041499999999999995,0.067119926199262,0.06386113744075829,0.08302035439496391,0.06282006269592477,0.07298523316062175,0.09283325688073372,0.06172085106382976
band_349,0.06401397058823532,0.0425294642857143,0.0681774907749078,0.06469004739336494,0.08394404290044309,0.06342758620689652,0.0738696891191709,0.09368474770642193,0.06267531914893616
band_350,0.06465955882352944,0.04333214285714284,0.06910738007380074,0.06552701421800954,0.08465674982513428,0.06411253918495295,0.07480932642487047,0.0943288990825689,0.06357021276595744
band_351,0.064775,0.04366607142857144,0.06917601476014754,0.06544218009478672,0.08445390533923994,0.06383354231974922,0.07482901554404145,0.09400527522935787,0.06374170212765955
band_352,0.06572867647058823,0.04433928571428573,0.07008081180811807,0.06626540284360187,0.08529783166239245,0.06442789968652039,0.07551683937823835,0.09478830275229366,0.06461702127659572
band_353,0.06603750000000004,0.04496964285714285,0.07066457564575651,0.06653175355450235,0.08566255537421298,0.0647200626959248,0.07622253886010363,0.09511009174311932,0.06514978723404256
band_354,0.067425,0.045536607142857136,0.07171328413284127,0.06751848341232221,0.08714537188155776,0.06575297805642631,0.07737253886010366,0.09688841743119271,0.06615234042553193
band_355,0.06869558823529415,0.04691339285714285,0.07324243542435421,0.06900094786729859,0.08862804849615313,0.06703416927899689,0.07903678756476688,0.09847522935779823,0.06767957446808512
band_356,0.06854705882352945,0.04679285714285715,0.0729538745387454,0.06869668246445498,0.08827199813476352,0.06672664576802509,0.07866113989637302,0.09802477064220186,0.0677046808510638
band_357,0.06921323529411766,0.04758839285714286,0.07414354243542431,0.06967630331753555,0.089279132664957,0.06753072100313483,0.07941865284974092,0.09911250000000008,0.06869063829787235
band_358,0.07039044117647059,0.0485875,0.07527269372693733,0.07072322274881518,0.0905721147120541,0.06850752351097177,0.08070259067357516,0.10048979357798157,0.06986212765957449
band_359,0.07094926470588235,0.04897857142857143,0.07599261992619927,0.07142227488151659,0.09141319654931196,0.06926896551724138,0.08153005181347152,0.10142316513761458,0.07065361702127661
band_360,0.0714632352941176,0.04927232142857144,0.07639778597785979,0.07194597156398107,0.09176199580321778,0.0695401253918495,0.08166606217616582,0.10178199541284412,0.07113702127659577
band_361,0.07234264705882353,0.04998392857142859,0.07756088560885606,0.07300568720379148,0.09300652832828195,0.07060250783699058,0.08276424870466322,0.10325561926605505,0.07191914893617023
band_362,0.07356397058823533,0.05123928571428571,0.07911512915129153,0.07434265402843603,0.09436414082536737,0.07176771159874606,0.08431554404145085,0.10467580275229345,0.07391531914893618
band_363,0.07436764705882351,0.051754464285714286,0.07964022140221405,0.07462132701421798,0.09482252273257169,0.07211504702194352,0.08456735751295333,0.1053435779816514,0.07434638297872337
band_364,0.07531985294117648,0.052632142857142857,0.08095092250922512,0.07587014218009477,0.09600834693401696,0.07299843260188087,0.08594715025906732,0.10682454128440366,0.07562297872340423
band_365,0.07516838235294117,0.05258660714285716,0.08098892988929896,0.07556872037914691,0.09559027745395197,0.07290219435736671,0.08571295336787563,0.106255504587156,0.07595234042553196
band_366,0.07626911764705883,0.05350089285714288,0.0822339483394834,0.07662227488151659,0.09655488458848198,0.07358965517241374,0.08662538860103627,0.10755516055045869,0.07700170212765955
band_367,0.07636985294117646,0.05358035714285715,0.08241623616236167,0.07661516587677726,0.09680228491489871,0.07383855799373039,0.08688419689119171,0.1079777522935779,0.07720723404255325
band_368,0.07678088235294116,0.05390803571428571,0.0827136531365314,0.07690710900473932,0.09707966892049445,0.07395454545454547,0.08706036269430052,0.10831525229357797,0.07777617021276595
band_369,0.07648161764705884,0.05351428571428573,0.0820387453874538,0.07622843601895732,0.09620673816740492,0.0731996865203761,0.08635051813471502,0.10753749999999992,0.07690808510638296
band_370,0.07597205882352939,0.05347232142857144,0.08150885608856091,0.07582180094786728,0.09539762182326875,0.0727150470219436,0.08580647668393784,0.10656009174311941,0.07653234042553189
band_371,0.07467352941176467,0.05256071428571425,0.07980258302583029,0.07399194312796206,0.09339305199347156,0.07120721003134799,0.08381968911917098,0.10422052752293577,0.07464680851063826
band_372,0.07321985294117647,0.051758035714285736,0.07788228782287815,0.07227535545023697,0.09128412217300078,0.06962758620689656,0.08201632124352337,0.10181043577981641,0.07265914893617023
band_373,0.07161029411764706,0.050702678571428565,0.07595608856088559,0.07064218009478669,0.08918027512240632,0.06801849529780556,0.08019844559585491,0.09931422018348632,0.07082085106382983
band_374,0.06986102941176472,0.04945357142857143,0.0735712177121771,0.068442654028436,0.08651548146421068,0.06601159874608155,0.0778593264248705,0.09629678899082557,0.06853106382978721
band_375,0.0681286764705882,0.04855357142857145,0.0715107011070111,0.0661616113744076,0.08400240149218932,0.06383291536050156,0.0760515544041451,0.09385126146788991,0.06632553191489361
band_376,0.06606985294117647,0.04684642857142857,0.06912472324723246,0.06375071090047392,0.08105068780601535,0.061544200626959256,0.07359041450777204,0.09102889908256881,0.06386382978723407
band_377,0.0644411764705882,0.04552857142857143,0.0670682656826568,0.061566350710900476,0.07873236185591047,0.05965141065830721,0.07147331606217613,0.08878279816513752,0.06190425531914893
band_378,0.0637625,0.04479017857142859,0.06600959409594097,0.0604483412322275,0.07773763114945233,0.05869811912225709,0.070740414507772,0.08786697247706422,0.06067957446808509
band_379,0.06231911764705883,0.043612499999999985,0.06454243542435428,0.05954549763033173,0.07662273257169502,0.057774921630094074,0.06946217616580318,0.08640676605504588,0.059518297872340406
band_380,0.06052573529411762,0.042027678571428584,0.06253948339483394,0.057987203791469225,0.07506824434600141,0.05647366771159876,0.06740544041450779,0.0843256880733945,0.057580425531914864
band_381,0.060297058823529384,0.04163750000000001,0.06217749077490778,0.058085781990521335,0.07530652832828176,0.05626771159874607,0.06710284974093261,0.08413096330275224,0.05711999999999996
band_382,0.05855073529411766,0.0397642857142857,0.06000184501845016,0.05661421800947869,0.07374241081837266,0.05501347962382446,0.06525751295336786,0.08208417431192666,0.055155319148936136
band_383,0.057116176470588254,0.03854285714285714,0.05837269372693725,0.05549999999999997,0.07269916064350665,0.05405799373040753,0.06373652849740935,0.08075802752293586,0.05360510638297872
band_384,0.05630367647058823,0.03779999999999999,0.057969741697416956,0.054792417061611365,0.07235488458848208,0.053662695924764886,0.06319818652849733,0.08016754587155957,0.05268978723404256
band_385,0.05473455882352943,0.03645267857142859,0.05645313653136529,0.05379004739336487,0.07115441827931912,0.05272664576802505,0.06203160621761656,0.07870814220183478,0.0514595744680851
band_386,0.05286985294117647,0.0353419642857143,0.054979335793357925,0.05259289099526068,0.06972863138260679,0.051636363636363626,0.060421243523316084,0.07704380733944953,0.049896170212765927
band_387,0.051820588235294084,0.03413749999999998,0.05357601476014761,0.05167061611374406,0.06859526696199593,0.05104388714733542,0.05903367875647671,0.07591146788990824,0.048582553191489346
band_388,0.05151250000000002,0.033864285714285715,0.05324280442804429,0.05137109004739339,0.06832979715551385,0.05094514106583074,0.05885777202072544,0.07581571100917427,0.048165531914893624
band_389,0.050628676470588205,0.03310892857142856,0.05264428044280442,0.050817061611374385,0.06741345301935193,0.05040062695924764,0.0579033678756476,0.07488130733944967,0.04744978723404257
band_390,0.04973529411764707,0.032133928571428584,0.0514678966789668,0.049900473933649284,0.06645511774306352,0.04956896551724136,0.05675284974093264,0.0736315366972477,0.04648510638297872
band_391,0.048616911764705895,0.030970535714285697,0.04977047970479705,0.04908293838862559,0.06540347400326399,0.04877617554858936,0.055582642487046655,0.07221318807339451,0.045163404255319145
band_392,0.047313970588235305,0.02975178571428572,0.048505166051660525,0.047890047393364936,0.06444199114012586,0.04799028213166142,0.05414378238341968,0.0710447247706422,0.043477021276595786
band_393,0.04662794117647059,0.028963392857142868,0.047163099630996304,0.04727203791469193,0.06365024481231069,0.047397805642633226,0.0531028497409326,0.06994747706422011,0.04247489361702127
band_394,0.04521764705882352,0.027936607142857145,0.046126568265682635,0.046272985781990475,0.06283695500116586,0.046676175548589334,0.05206994818652853,0.06904048165137615,0.04105957446808509
band_395,0.04526323529411764,0.027804464285714293,0.04658708487084872,0.04706635071090047,0.06370025647003966,0.04747021943573667,0.052913989637305724,0.06977866972477063,0.041552765957446836
band_396,0.04429338235294117,0.026760714285714287,0.045436162361623594,0.04635781990521324,0.06259246910701809,0.046666457680250774,0.0516160621761658,0.06852224770642193,0.040665957446808516
band_397,0.04326838235294117,0.02597053571428573,0.04385424354243542,0.04487440758293839,0.06108353928654701,0.04566112852664578,0.04997487046632125,0.06660435779816522,0.03906553191489361
band_398,0.0434080882352941,0.025900000000000006,0.044335055350553466,0.045487677725118504,0.06217386337141535,0.046460815047021965,0.050597150259067386,0.06797029816513758,0.039013617021276606
band_399,0.04138602941176467,0.024074999999999996,0.04173062730627306,0.04342654028436018,0.05950090930286795,0.04453354231974921,0.04810103626943007,0.06472947247706418,0.03676723404255322
band_400,0.04003823529411764,0.023159821428571425,0.03986937269372691,0.042278199052132724,0.057782210305432555,0.04342539184952978,0.04651554404145077,0.06282155963302745,0.03507276595744679
band_401,0.038852205882352935,0.022554464285714292,0.03960738007380077,0.04189952606635074,0.05771405922126368,0.043545768025078355,0.046373834196891194,0.06258555045871565,0.03436808510638299
band_402,0.038835294117647065,0.022314285714285714,0.03957859778597789,0.04222322274881516,0.058223875029144154,0.04367366771159874,0.046383160621761683,0.06284506880733956,0.03436936170212766
band_403,0.03811323529411764,0.021630357142857142,0.039048339483394846,0.041994786729857826,0.057925833527628943,0.04333103448275866,0.04583445595854919,0.06234759174311925,0.033954468085106396
band_404,0.037026470588235307,0.020669642857142848,0.03757749077490775,0.04106161137440756,0.05625001165772918,0.042181504702194346,0.04443160621761656,0.06025252293577983,0.032514893617021305
band_405,0.03551176470588236,0.019564285714285704,0.035485608856088556,0.039120379146919425,0.05444028911168102,0.04096802507836993,0.04283134715025905,0.05837006880733937,0.03066042553191491
band_406,0.035296323529411755,0.019444642857142844,0.034656088560885596,0.03891327014218011,0.05387584518535782,0.04084827586206896,0.04215751295336789,0.05774105504587166,0.030167659574468098
band_407,0.035068382352941165,0.01995892857142856,0.03443616236162365,0.03846303317535546,0.053512730240149305,0.0410087774294671,0.04169170984455958,0.0574483944954128,0.029144255319148958
band_408,0.033972794117647045,0.019051785714285698,0.034488191881918845,0.0388914691943128,0.053935672650967645,0.0407921630094044,0.04238549222797925,0.057411697247706416,0.02906340425531915
band_409,0.033133823529411764,0.01800982142857143,0.0338911439114391,0.0380568720379147,0.05320202844485889,0.03992695924764888,0.04145492227979277,0.05641571100917428,0.028637872340425544
band_410,0.0321485294117647,0.017476785714285722,0.03212730627306273,0.036609478672985765,0.05121457216134281,0.038629153605015655,0.039886010362694305,0.054172362385321166,0.027417446808510652
band_411,0.032863235294117665,0.01848928571428571,0.0335571955719557,0.03767582938388624,0.05258948472837495,0.039938871473354204,0.04112590673575126,0.05605883027522925,0.027626808510638305
band_412,0.03031544117647059,0.01660892857142858,0.030435424354243533,0.034951658767772495,0.04890114245744938,0.03698463949843257,0.03801528497409326,0.05150091743119261,0.025794042553191492
band_413,0.0323764705882353,0.018388392857142857,0.030607749077490778,0.03489146919431281,0.04875336908370249,0.037888401253918506,0.03820284974093264,0.052327637614678915,0.02588765957446808
band_414,0.03324926470588236,0.020852678571428567,0.03273837638376386,0.03718815165876775,0.05159764513872687,0.04002915360501563,0.041427720207253854,0.055678899082568796,0.02716638297872338
band_415,0.02926029411764705,0.016425892857142865,0.029502214022140223,0.03446729857819904,0.048253252506411756,0.036743260188087754,0.03803808290155437,0.05125550458715594,0.024590638297872336
band_416,0.028631617647058828,0.016454464285714284,0.028480811808118074,0.03298530805687203,0.04631375612030795,0.03541097178683381,0.03656709844559586,0.049203555045871546,0.023613617021276595
band_417,0.029761764705882342,0.017559821428571428,0.02827638376383765,0.03301563981042653,0.046853788761949094,0.03658965517241377,0.03745,0.04994633027522937,0.024769787234042565
band_418,0.034400000000000014,0.02133035714285714,0.03239483394833947,0.03636255924170617,0.050454628118442583,0.04051065830721004,0.04146139896373059,0.05423876146788984,0.027569787234042555
band_419,0.03536838235294117,0.023960714285714297,0.032547601476014765,0.037040284360189586,0.05100121240382363,0.04134952978056424,0.043310621761658,0.05478899082568802,0.028045957446808524
band_420,0.056264705882352974,0.03994732142857143,0.05245166051660517,0.05402274881516589,0.0714126602937748,0.06076394984326017,0.06571554404145076,0.08024518348623848,0.046318723404255316
band_421,0.10530808823529414,0.08624374999999998,0.10795977859778594,0.0959042654028437,0.12688127768710664,0.10884545454545445,0.12679248704663212,0.14450355504587153,0.09101234042553194
band_422,0.1741529411764706,0.14867053571428576,0.183279335793358,0.15831753554502387,0.21080517603170953,0.17372288401253932,0.22514663212435243,0.25363211009174336,0.15557787234042558
band_423,0.12467720588235294,0.10284821428571427,0.1309210332103321,0.116321327014218,0.15458444858941475,0.1250849529780564,0.15991554404145086,0.17912029816513758,0.114588085106383
band_424,0.1223551470588235,0.10320446428571428,0.12735977859778597,0.11644597156398098,0.14873173233854053,0.12060094043887151,0.15190155440414518,0.171150114678899,0.1139
band_425,0.2620007352941178,0.22613749999999996,0.3115546125461255,0.2552393364928912,0.32673247843320075,0.25899749216300916,0.34678108808290165,0.3790811926605504,0.26675702127659584
band_426,0.662425735294118,0.5987821428571428,0.8521405904059037,0.6496734597156396,0.8198367926743356,0.6395332288401253,0.953879533678757,0.9795818807339451,0.7075846808510641
